"","channel","Q.S102.O2.Pcor.min","Q.S102.O2.Pcor.max","Q.S102.O2.Pcor.mean","Q.S102.O2.Pcor.sd","Q.S102.O2.Pcor.var"
"1",1,20.1170507598,20.85247403,20.7731554825492,0.162207092276713,0.0263111407848662
"2",2,19.612284794,20.8468548345,20.0653653610219,0.336664044410529,0.113342678798854
"3",3,19.7367797013,20.4956517377,20.3122345842276,0.182642452676793,0.0333582655197945
"4",4,19.7718628189,20.4977093427,20.2906317604469,0.195119407577898,0.0380715832135499
"5",5,19.6551400807,20.4764056575,20.1779298104766,0.22265967120931,0.0495773291830382
"6",6,19.3968729589,20.4724825889,20.350183798587,0.172923457765907,0.0299025222457175
"7",7,19.7245131444,20.4830686684,20.2978716308474,0.200763408786483,0.0403059463075687
